{
	"resource_pack_name": "vanilla",
	"texture_name": "atlas.terrain",
	"padding": 8,
	"num_mip_levels": 4,
	"texture_data": {
		"piston_top_sticky": {"textures": ["textures/blocks/piston_top_sticky"]},
		"piston_inner_sticky": {"textures": ["textures/blocks/sticky_inner"]},
		"piston_side_sticky": {"textures": ["textures/blocks/piston_side_sticky"]},
		"piston_bottom_sticky": {"textures": ["textures/blocks/piston_bottom_sticky"]},
		"observer_north": {
			"textures": [
			  "textures/blocks/observer_front",
			  "textures/blocks/observer_front_lit"
			]
		},
		  "observer_south": {
			"textures": [
			  "textures/blocks/observer_back",
			  "textures/blocks/observer_back_lit"
			]
		},
		  "observer_east": {
			"textures": [
			  "textures/blocks/observer_side",
			  "textures/blocks/observer_side_lit"
			]
		},
		  "observer_west": {
			"textures": [
			  "textures/blocks/observer_side",
			  "textures/blocks/observer_side_lit"
			]
		},
		  "observer_top": {
			"textures": [
			  "textures/blocks/observer_top",
			  "textures/blocks/observer_top_lit"
			]
		},
		  "observer_bottom": {
			"textures": [
			  "textures/blocks/observer_top",
			  "textures/blocks/observer_top_lit"
			]
		},
		"dispenser_top": {
			"textures": "textures/blocks/dispenser_top"
		  },
		  "dispenser_side": {
			"textures": "textures/blocks/dispenser_back"
		  },
		  "dispenser_front_horizontal": {
		  	"textures": "textures/blocks/dispenser_front_horizontal"
		  },
		  "dispenser_front_vertical": {
		  	"textures": "textures/blocks/dispenser_front_vertical"
		  },
		  "dispenser_back": {
		  	"textures": "textures/blocks/dispenser_side"
		  },
		  "dropper_top": {
			"textures": "textures/blocks/dropper_top"
		  },
		  "dropper_side": {
			"textures": "textures/blocks/dropper_back"
		  },
		  "dropper_front_horizontal": {
		  	"textures": "textures/blocks/dropper_front_horizontal"
		  },
		  "dropper_front_vertical": {
		  	"textures": "textures/blocks/dropper_front_vertical"
		  },
		  "dropper_back": {
		  	"textures": "textures/blocks/dropper_side"
		},
		  "jukebox_bottom": {
			"textures": [
			  "textures/blocks/jukebox_bottom"
			]
		  },
		  "hopper_up": {
			"textures": [
				"textures/blocks/hopper_t",
				"textures/blocks/missing_tile",
				"textures/blocks/hopper_tu",
				"textures/blocks/hopper_td",
				"textures/blocks/hopper_tl",
				"textures/blocks/hopper_tr",
				"textures/blocks/missing_tile",
				"textures/blocks/missing_tile",
				"textures/blocks/hopper_t_",
				"textures/blocks/missing_tile",
				"textures/blocks/hopper_tu_",
				"textures/blocks/hopper_td_",
				"textures/blocks/hopper_tl_",
				"textures/blocks/hopper_tr_"
			]
		},
		"hopper_down": {
			"textures": [
				"textures/blocks/hopper_inside",
				"textures/blocks/hopper_inside",
				"textures/blocks/hopper_inside",
				"textures/blocks/hopper_inside",
				"textures/blocks/hopper_inside",
				"textures/blocks/hopper_inside",
				"textures/blocks/hopper_inside",
				"textures/blocks/hopper_inside",
				"textures/blocks/hopper_inside",
				"textures/blocks/hopper_inside",
				"textures/blocks/hopper_inside",
				"textures/blocks/hopper_inside",
				"textures/blocks/hopper_inside",
				"textures/blocks/hopper_inside"
			]
		},
		"hopper_n": {
			"textures": [
				"textures/blocks/hopper_s",
				"textures/blocks/missing_tile",
				"textures/blocks/hopper_sd",
				"textures/blocks/hopper_su",
				"textures/blocks/hopper_sr",
				"textures/blocks/hopper_sl",
				"textures/blocks/missing_tile",
				"textures/blocks/missing_tile",
				"textures/blocks/hopper_s_",
				"textures/blocks/missing_tile",
				"textures/blocks/hopper_sd_",
				"textures/blocks/hopper_su_",
				"textures/blocks/hopper_sr_",
				"textures/blocks/hopper_sl_"
			]
		},
		"hopper_s": {
			"textures": [
				"textures/blocks/hopper_s",
				"textures/blocks/missing_tile",
				"textures/blocks/hopper_su",
				"textures/blocks/hopper_sd",
				"textures/blocks/hopper_sl",
				"textures/blocks/hopper_sr",
				"textures/blocks/missing_tile",
				"textures/blocks/missing_tile",
				"textures/blocks/hopper_s_",
				"textures/blocks/missing_tile",
				"textures/blocks/hopper_su_",
				"textures/blocks/hopper_sd_",
				"textures/blocks/hopper_sl_",
				"textures/blocks/hopper_sr_"
			]
		},
		"hopper_w": {
			"textures": [
				"textures/blocks/hopper_s",
				"textures/blocks/missing_tile",
				"textures/blocks/hopper_sl",
				"textures/blocks/hopper_sr",
				"textures/blocks/hopper_sd",
				"textures/blocks/hopper_su",
				"textures/blocks/missing_tile",
				"textures/blocks/missing_tile",
				"textures/blocks/hopper_s_",
				"textures/blocks/missing_tile",
				"textures/blocks/hopper_sl_",
				"textures/blocks/hopper_sr_",
				"textures/blocks/hopper_sd_",
				"textures/blocks/hopper_su_"
			]
		},
		"hopper_e": {
			"textures": [
				"textures/blocks/hopper_s",
				"textures/blocks/missing_tile",
				"textures/blocks/hopper_sr",
				"textures/blocks/hopper_sl",
				"textures/blocks/hopper_su",
				"textures/blocks/hopper_sd",
				"textures/blocks/missing_tile",
				"textures/blocks/missing_tile",
				"textures/blocks/hopper_s_",
				"textures/blocks/missing_tile",
				"textures/blocks/hopper_sr_",
				"textures/blocks/hopper_sl_",
				"textures/blocks/hopper_su_",
				"textures/blocks/hopper_sd_"
			]
		},
		"smoker_front_off": {
			"textures": "textures/blocks/smoker_front"
		  },
		  "smoker_front_on": {
			"textures": "textures/blocks/smoker_front_on"
		  },
		  "smoker_side": {
			"textures": [
			  "textures/blocks/smoker_side"
			]
		  },
		  "smoker_side_on": {
			"textures": [
			  "textures/blocks/smoker_side_on"
			]
		  },
		  "smoker_top": {
			"textures": [
			  "textures/blocks/smoker_top"
			]
		  },
		  "smoker_top_on": {
			"textures": [
			  "textures/blocks/smoker_top_on"
			]
		  },
		  "smoker_bottom": {
			"textures": [
			  "textures/blocks/smoker_bottom"
			]
		  },
		  "smoker_bottom_on": {
			"textures": [
			  "textures/blocks/smoker_bottom_on"
			]
		  },
		  "blast_furnace_front_off": {
			"textures": "textures/blocks/blast_furnace_front_off"
		  },
		  "blast_furnace_front_on": {
			"textures": "textures/blocks/blast_furnace_front_on"
		  },
		  "blast_furnace_side": {
			"textures": [
			  "textures/blocks/blast_furnace_side"
			]
		  },
		  "blast_furnace_side_on": {
			"textures": [
			  "textures/blocks/blast_furnace_side_on"
			]
		  },
		  "blast_furnace_top": {
			"textures": [
			  "textures/blocks/blast_furnace_top"
			]
		  },
		  "blast_furnace_top_on": {
			"textures": [
			  "textures/blocks/blast_furnace_top_on"
			]
		  },
		  "furnace_top_off": {
			"textures": [
			  "textures/blocks/furnace_top"
			]
		  },
		  "furnace_top_on": {
			"textures": [
			  "textures/blocks/furnace_top_on"
			]
		  },
		  "furnace_side_off": {
			"textures": [
			  "textures/blocks/furnace_side"
			]
		  },
		  "furnace_side_on": {
			"textures": [
			  "textures/blocks/furnace_side_on"
			]
		  },
		  "repeater_floor": {
			"textures": [
			  "textures/blocks/repeater_floor_off",
			  "textures/blocks/repeater_floor_on"
			]
		},
		  "comparator_stone_slab": {
			"textures": [
			  "textures/blocks/comparator_floor_off",
			  "textures/blocks/comparator_floor_on"
			]
		},
		"piston_bottom": {
			"textures" : [ "textures/blocks/piston_bottom" ]
		},
		"piston_top" : {
			"textures" : [ "textures/blocks/piston_inner" ]
        },
        "piston_bottom_sticky" : {
        	"textures" : [ "textures/blocks/piston_bottom_sticky"]
		},
		"endframe_bottom": {
			"textures": "textures/blocks/endframe_bottom"
		},
		"crafting_table_bottom": {
		  "textures": "textures/blocks/crafting_table_bottom"
		},
		"lectern_bottom": {
			"textures": "textures/blocks/lectern_bottom"
		},
		"cartography_table_bottom": {
			"textures": "textures/blocks/cartography_table_bottom"
		},
		"fletching_table_bottom": {
			"textures": "textures/blocks/fletcher_table_bottom"
		},
		"planks":{
			"textures":[{"variations":[{"path":"textures/blocks/oak_planks/0"},{"path":"textures/blocks/oak_planks/1"},{"path":"textures/blocks/oak_planks/2"},{"path":"textures/blocks/oak_planks/3"},{"path":"textures/blocks/oak_planks/4"},{"path":"textures/blocks/oak_planks/5"},{"path":"textures/blocks/oak_planks/6"},{"path":"textures/blocks/oak_planks/7"},{"path":"textures/blocks/oak_planks/8"},{"path":"textures/blocks/oak_planks/9"},{"path":"textures/blocks/oak_planks/10"},{"path":"textures/blocks/oak_planks/11"},{"path":"textures/blocks/oak_planks/12"},{"path":"textures/blocks/oak_planks/13"},{"path":"textures/blocks/oak_planks/14"},{"path":"textures/blocks/oak_planks/15"}]},{"variations":[{"path":"textures/blocks/spruce_planks/0"},{"path":"textures/blocks/spruce_planks/1"},{"path":"textures/blocks/spruce_planks/2"},{"path":"textures/blocks/spruce_planks/3"},{"path":"textures/blocks/spruce_planks/4"},{"path":"textures/blocks/spruce_planks/5"},{"path":"textures/blocks/spruce_planks/6"},{"path":"textures/blocks/spruce_planks/7"},{"path":"textures/blocks/spruce_planks/8"},{"path":"textures/blocks/spruce_planks/9"},{"path":"textures/blocks/spruce_planks/10"},{"path":"textures/blocks/spruce_planks/11"},{"path":"textures/blocks/spruce_planks/12"},{"path":"textures/blocks/spruce_planks/13"},{"path":"textures/blocks/spruce_planks/14"},{"path":"textures/blocks/spruce_planks/15"}]},{"variations":[{"path":"textures/blocks/birch_planks/0"},{"path":"textures/blocks/birch_planks/1"},{"path":"textures/blocks/birch_planks/2"},{"path":"textures/blocks/birch_planks/3"},{"path":"textures/blocks/birch_planks/4"},{"path":"textures/blocks/birch_planks/5"},{"path":"textures/blocks/birch_planks/6"},{"path":"textures/blocks/birch_planks/7"},{"path":"textures/blocks/birch_planks/8"},{"path":"textures/blocks/birch_planks/9"},{"path":"textures/blocks/birch_planks/10"},{"path":"textures/blocks/birch_planks/11"},{"path":"textures/blocks/birch_planks/12"},{"path":"textures/blocks/birch_planks/13"},{"path":"textures/blocks/birch_planks/14"},{"path":"textures/blocks/birch_planks/15"}]},{"variations":[{"path":"textures/blocks/jungle_planks/0"},{"path":"textures/blocks/jungle_planks/1"},{"path":"textures/blocks/jungle_planks/2"},{"path":"textures/blocks/jungle_planks/3"},{"path":"textures/blocks/jungle_planks/4"},{"path":"textures/blocks/jungle_planks/5"},{"path":"textures/blocks/jungle_planks/6"},{"path":"textures/blocks/jungle_planks/7"},{"path":"textures/blocks/jungle_planks/8"},{"path":"textures/blocks/jungle_planks/9"},{"path":"textures/blocks/jungle_planks/10"},{"path":"textures/blocks/jungle_planks/11"},{"path":"textures/blocks/jungle_planks/12"},{"path":"textures/blocks/jungle_planks/13"},{"path":"textures/blocks/jungle_planks/14"},{"path":"textures/blocks/jungle_planks/15"}]},{"variations":[{"path":"textures/blocks/acacia_planks/0"},{"path":"textures/blocks/acacia_planks/1"},{"path":"textures/blocks/acacia_planks/2"},{"path":"textures/blocks/acacia_planks/3"},{"path":"textures/blocks/acacia_planks/4"},{"path":"textures/blocks/acacia_planks/5"},{"path":"textures/blocks/acacia_planks/6"},{"path":"textures/blocks/acacia_planks/7"},{"path":"textures/blocks/acacia_planks/8"},{"path":"textures/blocks/acacia_planks/9"},{"path":"textures/blocks/acacia_planks/10"},{"path":"textures/blocks/acacia_planks/11"},{"path":"textures/blocks/acacia_planks/12"},{"path":"textures/blocks/acacia_planks/13"},{"path":"textures/blocks/acacia_planks/14"},{"path":"textures/blocks/acacia_planks/15"}]},{"variations":[{"path":"textures/blocks/dark_oak_planks/0"},{"path":"textures/blocks/dark_oak_planks/1"},{"path":"textures/blocks/dark_oak_planks/2"},{"path":"textures/blocks/dark_oak_planks/3"},{"path":"textures/blocks/dark_oak_planks/4"},{"path":"textures/blocks/dark_oak_planks/5"},{"path":"textures/blocks/dark_oak_planks/6"},{"path":"textures/blocks/dark_oak_planks/7"},{"path":"textures/blocks/dark_oak_planks/8"},{"path":"textures/blocks/dark_oak_planks/9"},{"path":"textures/blocks/dark_oak_planks/10"},{"path":"textures/blocks/dark_oak_planks/11"},{"path":"textures/blocks/dark_oak_planks/12"},{"path":"textures/blocks/dark_oak_planks/13"},{"path":"textures/blocks/dark_oak_planks/14"},{"path":"textures/blocks/dark_oak_planks/15"}]}]},"crimson_planks":{"textures":{"variations":[{"path":"textures/blocks/crimson_planks/0"},{"path":"textures/blocks/crimson_planks/1"},{"path":"textures/blocks/crimson_planks/2"},{"path":"textures/blocks/crimson_planks/3"},{"path":"textures/blocks/crimson_planks/4"},{"path":"textures/blocks/crimson_planks/5"},{"path":"textures/blocks/crimson_planks/6"},{"path":"textures/blocks/crimson_planks/7"},{"path":"textures/blocks/crimson_planks/8"},{"path":"textures/blocks/crimson_planks/9"},{"path":"textures/blocks/crimson_planks/10"},{"path":"textures/blocks/crimson_planks/11"},{"path":"textures/blocks/crimson_planks/12"},{"path":"textures/blocks/crimson_planks/13"},{"path":"textures/blocks/crimson_planks/14"},{"path":"textures/blocks/crimson_planks/15"}]}},"warped_planks":{"textures":{"variations":[{"path":"textures/blocks/warped_planks/0"},{"path":"textures/blocks/warped_planks/1"},{"path":"textures/blocks/warped_planks/2"},{"path":"textures/blocks/warped_planks/3"},{"path":"textures/blocks/warped_planks/4"},{"path":"textures/blocks/warped_planks/5"},{"path":"textures/blocks/warped_planks/6"},{"path":"textures/blocks/warped_planks/7"},{"path":"textures/blocks/warped_planks/8"},{"path":"textures/blocks/warped_planks/9"},{"path":"textures/blocks/warped_planks/10"},{"path":"textures/blocks/warped_planks/11"},{"path":"textures/blocks/warped_planks/12"},{"path":"textures/blocks/warped_planks/13"},{"path":"textures/blocks/warped_planks/14"},{"path":"textures/blocks/warped_planks/15"}]}},"wood_acacia":{"textures":{"variations":[{"path":"textures/blocks/acacia_planks/0"},{"path":"textures/blocks/acacia_planks/1"},{"path":"textures/blocks/acacia_planks/2"},{"path":"textures/blocks/acacia_planks/3"},{"path":"textures/blocks/acacia_planks/4"},{"path":"textures/blocks/acacia_planks/5"},{"path":"textures/blocks/acacia_planks/6"},{"path":"textures/blocks/acacia_planks/7"},{"path":"textures/blocks/acacia_planks/8"},{"path":"textures/blocks/acacia_planks/9"},{"path":"textures/blocks/acacia_planks/10"},{"path":"textures/blocks/acacia_planks/11"},{"path":"textures/blocks/acacia_planks/12"},{"path":"textures/blocks/acacia_planks/13"},{"path":"textures/blocks/acacia_planks/14"},{"path":"textures/blocks/acacia_planks/15"}]}},"wood_big_oak":{"textures":{"variations":[{"path":"textures/blocks/dark_oak_planks/0"},{"path":"textures/blocks/dark_oak_planks/1"},{"path":"textures/blocks/dark_oak_planks/2"},{"path":"textures/blocks/dark_oak_planks/3"},{"path":"textures/blocks/dark_oak_planks/4"},{"path":"textures/blocks/dark_oak_planks/5"},{"path":"textures/blocks/dark_oak_planks/6"},{"path":"textures/blocks/dark_oak_planks/7"},{"path":"textures/blocks/dark_oak_planks/8"},{"path":"textures/blocks/dark_oak_planks/9"},{"path":"textures/blocks/dark_oak_planks/10"},{"path":"textures/blocks/dark_oak_planks/11"},{"path":"textures/blocks/dark_oak_planks/12"},{"path":"textures/blocks/dark_oak_planks/13"},{"path":"textures/blocks/dark_oak_planks/14"},{"path":"textures/blocks/dark_oak_planks/15"}]}},"wood_spruce":{"textures":{"variations":[{"path":"textures/blocks/spruce_planks/0"},{"path":"textures/blocks/spruce_planks/1"},{"path":"textures/blocks/spruce_planks/2"},{"path":"textures/blocks/spruce_planks/3"},{"path":"textures/blocks/spruce_planks/4"},{"path":"textures/blocks/spruce_planks/5"},{"path":"textures/blocks/spruce_planks/6"},{"path":"textures/blocks/spruce_planks/7"},{"path":"textures/blocks/spruce_planks/8"},{"path":"textures/blocks/spruce_planks/9"},{"path":"textures/blocks/spruce_planks/10"},{"path":"textures/blocks/spruce_planks/11"},{"path":"textures/blocks/spruce_planks/12"},{"path":"textures/blocks/spruce_planks/13"},{"path":"textures/blocks/spruce_planks/14"},{"path":"textures/blocks/spruce_planks/15"}]}},"wood_jungle":{"textures":{"variations":[{"path":"textures/blocks/jungle_planks/0"},{"path":"textures/blocks/jungle_planks/1"},{"path":"textures/blocks/jungle_planks/2"},{"path":"textures/blocks/jungle_planks/3"},{"path":"textures/blocks/jungle_planks/4"},{"path":"textures/blocks/jungle_planks/5"},{"path":"textures/blocks/jungle_planks/6"},{"path":"textures/blocks/jungle_planks/7"},{"path":"textures/blocks/jungle_planks/8"},{"path":"textures/blocks/jungle_planks/9"},{"path":"textures/blocks/jungle_planks/10"},{"path":"textures/blocks/jungle_planks/11"},{"path":"textures/blocks/jungle_planks/12"},{"path":"textures/blocks/jungle_planks/13"},{"path":"textures/blocks/jungle_planks/14"},{"path":"textures/blocks/jungle_planks/15"}]}},"wood_oak":{"textures":{"variations":[{"path":"textures/blocks/oak_planks/0"},{"path":"textures/blocks/oak_planks/1"},{"path":"textures/blocks/oak_planks/2"},{"path":"textures/blocks/oak_planks/3"},{"path":"textures/blocks/oak_planks/4"},{"path":"textures/blocks/oak_planks/5"},{"path":"textures/blocks/oak_planks/6"},{"path":"textures/blocks/oak_planks/7"},{"path":"textures/blocks/oak_planks/8"},{"path":"textures/blocks/oak_planks/9"},{"path":"textures/blocks/oak_planks/10"},{"path":"textures/blocks/oak_planks/11"},{"path":"textures/blocks/oak_planks/12"},{"path":"textures/blocks/oak_planks/13"},{"path":"textures/blocks/oak_planks/14"},{"path":"textures/blocks/oak_planks/15"}]}},"wood_birch":{"textures":{"variations":[{"path":"textures/blocks/birch_planks/0"},{"path":"textures/blocks/birch_planks/1"},{"path":"textures/blocks/birch_planks/2"},{"path":"textures/blocks/birch_planks/3"},{"path":"textures/blocks/birch_planks/4"},{"path":"textures/blocks/birch_planks/5"},{"path":"textures/blocks/birch_planks/6"},{"path":"textures/blocks/birch_planks/7"},{"path":"textures/blocks/birch_planks/8"},{"path":"textures/blocks/birch_planks/9"},{"path":"textures/blocks/birch_planks/10"},{"path":"textures/blocks/birch_planks/11"},{"path":"textures/blocks/birch_planks/12"},{"path":"textures/blocks/birch_planks/13"},{"path":"textures/blocks/birch_planks/14"},{"path":"textures/blocks/birch_planks/15"}]}},"bookshelf":{"textures":{"variations":[{"path":"textures/blocks/bookshelf/0"},{"path":"textures/blocks/bookshelf/1"},{"path":"textures/blocks/bookshelf/2"},{"path":"textures/blocks/bookshelf/3"},{"path":"textures/blocks/bookshelf/4"},{"path":"textures/blocks/bookshelf/5"},{"path":"textures/blocks/bookshelf/6"}]}}}}
		}
	}
}