{
	"format_version": [1,1,0],
	"sticky_piston": {
		"textures": {
			"up": "piston_inner_sticky",
			"down": "piston_bottom_sticky",
			"side": "piston_side_sticky"
		},
		"carried_textures": {
			"up": "piston_top_sticky",
			"down": "piston_bottom_sticky",
			"side": "piston_side_sticky"
		},
		"sound": "stone"
	},
	"dispenser": {
		"blockshape": "command_block",
		"textures": {
		  "up": "dispenser_top",
		  "down": "dispenser_side",
		  "north": "dispenser_side",
		  "south": "dispenser_front_horizontal",
		  "west": "dispenser_side",
		  "east": "dispenser_front_vertical"
		},
		"carried_textures": {
		  "up": "dispenser_top",
		  "down": "dispenser_top",
		  "north": "dispenser_side",
		  "south": "dispenser_front_horizontal",
		  "west": "dispenser_side",
		  "east": "dispenser_side"
		},
		"sound": "stone"
	},
	"noteblock": {
		"textures": "noteblock",
		"sound": "wood"
	  },
	  "jukebox": {
		"textures": {
		  "up": "jukebox_top",
		  "down": "jukebox_bottom",
		  "side": "jukebox_side"
		},
		"sound": "wood"
	},
	"furnace": {
		"textures": {
		  "up": "furnace_top_off",
		  "down": "furnace_top_off",
		  "north": "furnace_side_off",
		  "south": "furnace_front_off",
		  "west": "furnace_side_off",
		  "east": "furnace_side_off"
		},
		"sound": "stone"
	  },
	  "lit_furnace": {
		"textures": {
		  "up": "furnace_top_on",
		  "down": "furnace_top_on",
		  "north": "furnace_side_on",
		  "south": "furnace_side_on",
		  "west": "furnace_side_on",
		  "east": "furnace_front_on"
		},
		"sound": "stone"
	  },
	  "smoker": {
		"textures": {
		  "up": "smoker_top",
		  "down": "smoker_bottom",
		  "north": "smoker_side",
		  "south": "smoker_front_off",
		  "west": "smoker_side",
		  "east": "smoker_side"
		},
		"sound": "stone"
	  },
	  "lit_smoker": {
		"textures": {
		  "up": "smoker_top_on",
		  "down": "smoker_bottom_on",
		  "north": "smoker_side_on",
		  "south": "smoker_side_on",
		  "west": "smoker_side_on",
		  "east": "smoker_front_on"
		},
		"sound": "stone"
	  },
	  "blast_furnace": {
		"textures": {
		  "up": "blast_furnace_top",
		  "down": "blast_furnace_top",
		  "north": "blast_furnace_side",
		  "south": "blast_furnace_front_off",
		  "west": "blast_furnace_side",
		  "east": "blast_furnace_side"
		},
		"sound": "stone"
	  },
	  "lit_blast_furnace": {
		"textures": {
		  "up": "blast_furnace_top_on",
		  "down": "blast_furnace_top_on",
		  "north": "blast_furnace_side_on",
		  "south": "blast_furnace_side_on",
		  "west": "blast_furnace_side_on",
		  "east": "blast_furnace_front_on"
		},
		"sound": "stone"
	  },
	"dropper": {
		"blockshape": "command_block",
		"textures": {
		  "up": "dropper_top",
		  "down": "dropper_top",
		  "north": "dropper_side",
		  "south": "dropper_front_horizontal",
		  "west": "dropper_side",
		  "east": "dropper_front_vertical"
		},
		"carried_textures": {
		  "up": "dropper_top",
		  "down": "dropper_top",
		  "north": "dropper_side",
		  "south": "dropper_front_horizontal",
		  "west": "dropper_side",
		  "east": "dropper_side"
		},
		"sound": "stone"
	},
	"observer": {
		"textures": {
		  "up": "observer_top",
		  "down": "observer_bottom",
		  "north": "observer_north",
		  "south": "observer_south",
		  "west": "observer_west",
		  "east": "observer_east"
		},
		"sound": "metal"
	},
	"hopper": {
		"textures": {
			"up": "hopper_up",
			"down": "hopper_down",
			"north": "hopper_n",
			"south": "hopper_s",
			"west": "hopper_w",
			"east": "hopper_e"
		},
		"sound": "metal"
	},
	"fletching_table": {
		"textures": {
		  "up": "fletching_table_top",
		  "down": "fletching_table_bottom",
		  "north": "fletching_table_side1",
		  "south": "fletching_table_side1",
		  "east": "fletching_table_side2",
		  "west": "fletching_table_side2"
		},
		"sound": "wood"
	},
	"cartography_table": {
		"textures": {
		  "up": "cartography_table_top",
		  "down": "cartography_table_bottom",
		  "north": "cartography_table_side3",
		  "south": "cartography_table_side1",
		  "west": "cartography_table_side2",
		  "east": "cartography_table_side3"
		},
		"sound": "wood"
	}
}
