{
    "namespace": "trade2",
    "trade_icons@trade2.toggle_content": {
        "layer": 11,
        "offset": [0, 4],
        "$template_toggle": "trade2.toggle_content"
    },
    "trade_toggle_holder": {
        "type": "panel",
        "size": [
            "100%",
            "60%c - 1px"
        ],
        "controls": [
            {
                "trade_toggle@trade2.trade_toggle": {
                    "anchor_from": "top_middle",
                    "anchor_to": "top_middle"
                }
            },
            {
                "trade_icons@trade2.trade_icons": {
                    "anchor_from": "top_middle",
                    "anchor_to": "top_middle"
                }
            }
        ]
    }
}