{
  "game": {
    "event_name" : "music.game.with_cave_sounds",
    "min_delay": 600,
    "max_delay": 1200
  },
  "creative": {
    "event_name" : "music.creative",
    "min_delay": 60,
    "max_delay": 180
  },
  "end": {
    "event_name" : "music.end",
    "min_delay": 60,
    "max_delay": 180
  },
  "endboss": {
    "event_name" : "music.dragon",
    "min_delay": 60,
    "max_delay": 180
  },
  "nether": {
    "event_name" : "music.nether",
    "min_delay": 60,
    "max_delay": 180
  },
  "credits": {
    "event_name" : "music.credits",
    "min_delay": 0,
    "max_delay": 0
  },
  "menu": {
    "event_name" : "music.menu",
    "min_delay": 0,
    "max_delay": 30 
  }
}